ReturnID,SaleID,ProductID,ReturnDate,ReasonForReturn,ReturnAmount
1,7599,396,2024-07-25T00:00:00.000000000,Other,55.17
2,6658,57,2024-04-13T00:00:00.000000000,Defective,86.68
3,1565,52,2025-07-15T00:00:00.000000000,Wrong Item,77.01
4,9064,439,2024-09-28T00:00:00.000000000,Wrong Item,111.95
5,2125,380,2025-04-10T00:00:00.000000000,Defective,155.16
6,660,3,2024-11-05T00:00:00.000000000,Wrong Item,185.12
7,155,401,2025-12-27T00:00:00.000000000,Defective,18.83
8,5459,161,2025-11-16T00:00:00.000000000,Other,110.34
9,8746,100,2024-04-11T00:00:00.000000000,Other,172.2
10,8745,124,2025-05-21T00:00:00.000000000,Wrong Item,94.67
11,7388,352,2025-05-25T00:00:00.000000000,Defective,54.92
12,5829,23,2025-10-18T00:00:00.000000000,Wrong Item,180.65
13,9834,388,2025-02-10T00:00:00.000000000,Defective,196.91
14,2028,105,2024-12-16T00:00:00.000000000,Defective,51.28
15,1769,41,2024-01-04T00:00:00.000000000,Wrong Item,46.01
16,9373,480,2024-11-17T00:00:00.000000000,Defective,61.86
17,4626,377,2025-02-19T00:00:00.000000000,Defective,129.79
18,2077,128,2025-05-28T00:00:00.000000000,Other,114.25
19,5384,342,2024-02-21T00:00:00.000000000,Other,178.28
20,4634,279,2025-11-22T00:00:00.000000000,Defective,96.36
21,1972,481,2024-09-21T00:00:00.000000000,Other,99.14
22,7949,33,2024-10-24T00:00:00.000000000,Other,31.7
23,361,69,2024-07-27T00:00:00.000000000,Other,119.67
24,5180,76,2025-03-23T00:00:00.000000000,Wrong Item,145.33
25,2057,448,2024-03-25T00:00:00.000000000,Defective,199.9
26,5353,222,2025-06-01T00:00:00.000000000,Defective,76.37
27,3178,500,2024-11-13T00:00:00.000000000,Other,33.25
28,5710,390,2024-03-02T00:00:00.000000000,Other,79.23
29,7135,346,2024-06-13T00:00:00.000000000,Wrong Item,57.21
30,5467,343,2025-01-13T00:00:00.000000000,Defective,60.82
31,6275,171,2024-05-01T00:00:00.000000000,Defective,134.61
32,6772,267,2024-12-31T00:00:00.000000000,Other,54.23
33,474,477,2024-05-31T00:00:00.000000000,Defective,106.5
34,6737,298,2024-12-30T00:00:00.000000000,Wrong Item,57.81
35,4337,142,2024-05-17T00:00:00.000000000,Wrong Item,184.7
36,2188,475,2025-12-16T00:00:00.000000000,Wrong Item,170.62
37,2117,318,2025-11-14T00:00:00.000000000,Wrong Item,126.16
38,3959,24,2025-03-13T00:00:00.000000000,Wrong Item,12.61
39,10,481,2025-09-24T00:00:00.000000000,Other,135.17
40,1330,204,2025-10-24T00:00:00.000000000,Wrong Item,95.19
41,2345,241,2024-05-31T00:00:00.000000000,Defective,93.28
42,1697,249,2025-02-17T00:00:00.000000000,Other,38.33
43,5216,205,2025-02-01T00:00:00.000000000,Wrong Item,86.88
44,3044,350,2025-03-07T00:00:00.000000000,Wrong Item,96.44
45,4642,187,2024-03-11T00:00:00.000000000,Wrong Item,39.71
46,2968,353,2024-08-29T00:00:00.000000000,Defective,62.97
47,1163,453,2025-06-26T00:00:00.000000000,Other,84.15
48,3846,433,2024-02-04T00:00:00.000000000,Wrong Item,41.18
49,1230,486,2024-10-26T00:00:00.000000000,Other,151.27
50,7981,394,2024-03-01T00:00:00.000000000,Defective,34.71
51,4881,262,2024-03-23T00:00:00.000000000,Other,195.55
52,2441,119,2024-02-28T00:00:00.000000000,Other,45.59
53,9695,148,2025-04-29T00:00:00.000000000,Wrong Item,197.78
54,2610,157,2025-06-12T00:00:00.000000000,Defective,167.93
55,8928,293,2024-07-07T00:00:00.000000000,Other,31.05
56,6730,216,2024-12-06T00:00:00.000000000,Wrong Item,40.94
57,5738,299,2024-12-09T00:00:00.000000000,Defective,72.54
58,3057,158,2025-02-20T00:00:00.000000000,Other,194.51
59,3947,347,2025-11-21T00:00:00.000000000,Defective,70.2
60,3740,465,2024-05-25T00:00:00.000000000,Defective,159.69
61,264,360,2025-02-11T00:00:00.000000000,Defective,116.01
62,6396,165,2025-02-09T00:00:00.000000000,Other,68.3
63,3762,308,2024-09-02T00:00:00.000000000,Other,40.41
64,3688,2,2025-08-01T00:00:00.000000000,Wrong Item,125.19
65,6815,136,2024-09-23T00:00:00.000000000,Defective,98.15
66,974,422,2025-12-23T00:00:00.000000000,Defective,184.11
67,2866,400,2025-01-05T00:00:00.000000000,Defective,103.36
68,6756,258,2024-02-14T00:00:00.000000000,Wrong Item,73.62
69,3071,122,2024-12-10T00:00:00.000000000,Other,188.92
70,6821,381,2024-03-07T00:00:00.000000000,Defective,187.46
71,2908,146,2025-11-09T00:00:00.000000000,Wrong Item,67.0
72,2920,158,2024-06-12T00:00:00.000000000,Wrong Item,73.67
73,1278,205,2024-09-04T00:00:00.000000000,Other,188.58
74,1511,216,2025-09-11T00:00:00.000000000,Defective,90.59
75,5695,182,2025-06-09T00:00:00.000000000,Other,157.16
76,8548,167,2024-11-14T00:00:00.000000000,Wrong Item,81.58
77,7600,449,2024-11-05T00:00:00.000000000,Other,105.95
78,9531,481,2024-06-02T00:00:00.000000000,Other,56.23
79,3779,495,2025-04-14T00:00:00.000000000,Defective,101.63
80,5444,468,2025-10-02T00:00:00.000000000,Other,65.7
81,9915,84,2025-10-13T00:00:00.000000000,Wrong Item,187.15
82,9601,186,2024-10-21T00:00:00.000000000,Other,46.36
83,6832,106,2025-01-27T00:00:00.000000000,Defective,63.81
84,857,380,2024-03-05T00:00:00.000000000,Wrong Item,146.27
85,5704,497,2024-07-07T00:00:00.000000000,Wrong Item,134.5
86,573,366,2024-05-17T00:00:00.000000000,Other,139.45
87,1126,128,2024-11-10T00:00:00.000000000,Other,55.51
88,4268,299,2024-04-10T00:00:00.000000000,Defective,136.91
89,575,268,2024-09-05T00:00:00.000000000,Other,10.22
90,1780,446,2025-11-03T00:00:00.000000000,Other,198.0
91,3174,292,2024-11-09T00:00:00.000000000,Other,11.99
92,9680,440,2024-03-13T00:00:00.000000000,Defective,132.25
93,2471,138,2024-03-14T00:00:00.000000000,Defective,183.01
94,8219,33,2024-02-15T00:00:00.000000000,Other,83.22
95,827,342,2025-12-28T00:00:00.000000000,Defective,108.59
96,9635,66,2024-01-08T00:00:00.000000000,Other,101.74
97,7118,426,2025-04-21T00:00:00.000000000,Wrong Item,151.95
98,1311,368,2024-07-20T00:00:00.000000000,Defective,121.49
99,8147,449,2025-11-27T00:00:00.000000000,Wrong Item,59.66
100,8148,225,2024-07-06T00:00:00.000000000,Wrong Item,146.18
101,2120,317,2025-07-05T00:00:00.000000000,Wrong Item,160.29
102,4279,217,2025-01-01T00:00:00.000000000,Wrong Item,177.45
103,1089,283,2024-02-10T00:00:00.000000000,Wrong Item,87.08
104,5681,259,2024-12-01T00:00:00.000000000,Other,82.3
105,1320,398,2024-02-20T00:00:00.000000000,Other,165.37
106,2176,110,2025-06-28T00:00:00.000000000,Wrong Item,155.62
107,1235,98,2024-07-19T00:00:00.000000000,Defective,84.48
108,8083,96,2025-08-01T00:00:00.000000000,Defective,139.11
109,8768,186,2025-10-26T00:00:00.000000000,Defective,85.88
110,7620,394,2024-06-16T00:00:00.000000000,Defective,57.96
111,440,116,2024-10-10T00:00:00.000000000,Other,62.72
112,5682,71,2025-12-04T00:00:00.000000000,Other,191.57
113,4513,335,2025-04-17T00:00:00.000000000,Defective,178.87
114,2349,15,2025-05-13T00:00:00.000000000,Defective,165.56
115,6768,51,2025-03-13T00:00:00.000000000,Other,70.33
116,2496,357,2024-06-29T00:00:00.000000000,Defective,143.89
117,8950,269,2024-11-28T00:00:00.000000000,Defective,17.67
118,9006,48,2025-08-20T00:00:00.000000000,Wrong Item,176.15
119,9110,283,2025-03-22T00:00:00.000000000,Defective,61.77
120,5231,180,2025-02-01T00:00:00.000000000,Wrong Item,166.49
121,5555,187,2024-10-21T00:00:00.000000000,Defective,107.63
122,8124,276,2024-06-12T00:00:00.000000000,Defective,164.64
123,295,391,2024-08-24T00:00:00.000000000,Defective,107.92
124,8564,430,2024-06-01T00:00:00.000000000,Other,24.69
125,6857,115,2025-04-23T00:00:00.000000000,Defective,187.13
126,2794,10,2025-09-16T00:00:00.000000000,Other,81.88
127,1779,77,2024-04-02T00:00:00.000000000,Defective,58.89
128,8077,380,2025-11-10T00:00:00.000000000,Defective,51.7
129,549,14,2024-06-21T00:00:00.000000000,Defective,101.33
130,8862,71,2025-10-29T00:00:00.000000000,Other,184.57
131,6700,223,2024-12-03T00:00:00.000000000,Other,27.09
132,4158,96,2025-02-11T00:00:00.000000000,Defective,86.98
133,6740,427,2025-12-29T00:00:00.000000000,Other,9.26
134,3885,116,2025-05-17T00:00:00.000000000,Other,149.72
135,2981,467,2025-12-24T00:00:00.000000000,Other,135.05
136,2025,255,2025-02-11T00:00:00.000000000,Wrong Item,178.6
137,9898,421,2024-08-18T00:00:00.000000000,Defective,129.76
138,8224,48,2024-07-14T00:00:00.000000000,Defective,120.03
139,6558,153,2024-02-11T00:00:00.000000000,Wrong Item,73.29
140,7045,443,2024-10-16T00:00:00.000000000,Wrong Item,131.48
141,7208,43,2025-09-17T00:00:00.000000000,Wrong Item,45.67
142,4469,61,2024-04-05T00:00:00.000000000,Defective,63.54
143,9642,425,2024-08-03T00:00:00.000000000,Defective,199.61
144,4691,246,2024-06-08T00:00:00.000000000,Defective,141.53
145,7478,333,2025-08-25T00:00:00.000000000,Other,181.53
146,2806,306,2025-10-16T00:00:00.000000000,Wrong Item,151.3
147,4640,455,2025-12-03T00:00:00.000000000,Other,103.15
148,8420,150,2025-12-22T00:00:00.000000000,Other,93.55
149,2532,441,2025-09-16T00:00:00.000000000,Other,192.02
150,9257,190,2025-03-17T00:00:00.000000000,Other,172.28
151,171,312,2025-06-02T00:00:00.000000000,Other,149.01
152,5596,409,2025-03-13T00:00:00.000000000,Wrong Item,106.25
153,3828,253,2025-06-14T00:00:00.000000000,Other,146.23
154,4266,485,2025-03-10T00:00:00.000000000,Other,34.15
155,8717,273,2025-07-02T00:00:00.000000000,Wrong Item,193.11
156,2912,392,2025-11-14T00:00:00.000000000,Defective,184.55
157,7231,236,2024-02-17T00:00:00.000000000,Wrong Item,39.87
158,9270,405,2024-03-23T00:00:00.000000000,Defective,90.54
159,7324,21,2024-08-13T00:00:00.000000000,Wrong Item,47.9
160,7428,453,2024-11-25T00:00:00.000000000,Defective,18.6
161,5823,339,2024-09-09T00:00:00.000000000,Defective,164.37
162,8530,74,2024-10-16T00:00:00.000000000,Defective,159.6
163,7286,136,2024-01-31T00:00:00.000000000,Wrong Item,161.92
164,3205,345,2024-09-11T00:00:00.000000000,Other,170.99
165,9381,463,2024-07-31T00:00:00.000000000,Other,116.05
166,6405,381,2024-10-09T00:00:00.000000000,Defective,49.3
167,8975,326,2025-01-17T00:00:00.000000000,Other,100.18
168,4891,118,2024-03-25T00:00:00.000000000,Other,33.63
169,8346,233,2025-07-13T00:00:00.000000000,Defective,197.14
170,6739,465,2024-06-20T00:00:00.000000000,Other,78.17
171,43,317,2024-08-31T00:00:00.000000000,Other,166.28
172,851,166,2025-05-13T00:00:00.000000000,Other,157.5
173,8520,229,2025-07-15T00:00:00.000000000,Wrong Item,53.75
174,4036,283,2024-03-28T00:00:00.000000000,Other,158.26
175,9061,398,2024-10-24T00:00:00.000000000,Wrong Item,113.1
176,4804,202,2024-07-01T00:00:00.000000000,Wrong Item,42.52
177,4535,236,2025-12-11T00:00:00.000000000,Defective,33.91
178,3384,408,2024-09-14T00:00:00.000000000,Defective,40.16
179,5402,392,2024-01-28T00:00:00.000000000,Other,53.78
180,8557,334,2025-09-01T00:00:00.000000000,Defective,84.89
181,2740,348,2024-02-03T00:00:00.000000000,Other,198.88
182,988,302,2025-02-21T00:00:00.000000000,Wrong Item,46.22
183,5600,191,2024-07-28T00:00:00.000000000,Other,85.5
184,7155,306,2025-03-14T00:00:00.000000000,Wrong Item,38.46
185,4552,386,2024-10-29T00:00:00.000000000,Wrong Item,33.13
186,1358,452,2025-05-06T00:00:00.000000000,Other,197.59
187,7916,59,2024-05-29T00:00:00.000000000,Defective,132.66
188,351,345,2025-04-11T00:00:00.000000000,Defective,14.37
189,1182,175,2025-10-14T00:00:00.000000000,Wrong Item,105.41
190,3278,24,2024-04-29T00:00:00.000000000,Other,185.05
191,7186,55,2025-02-04T00:00:00.000000000,Wrong Item,73.02
192,790,257,2024-08-12T00:00:00.000000000,Wrong Item,33.97
193,7463,16,2025-08-25T00:00:00.000000000,Wrong Item,178.79
194,2318,105,2024-01-28T00:00:00.000000000,Wrong Item,171.18
195,6867,194,2024-06-27T00:00:00.000000000,Other,61.46
196,6936,363,2024-07-19T00:00:00.000000000,Other,172.49
197,5450,403,2024-01-02T00:00:00.000000000,Wrong Item,109.98
198,716,48,2024-04-24T00:00:00.000000000,Defective,8.02
199,7082,284,2024-12-16T00:00:00.000000000,Other,91.43
200,8408,340,2025-08-16T00:00:00.000000000,Wrong Item,101.04
201,304,286,2025-07-21T00:00:00.000000000,Defective,61.14
202,1713,31,2024-11-28T00:00:00.000000000,Defective,33.1
203,7976,22,2025-10-20T00:00:00.000000000,Wrong Item,89.57
204,355,174,2024-10-18T00:00:00.000000000,Defective,137.1
205,8152,485,2025-09-12T00:00:00.000000000,Other,121.45
206,8341,72,2025-03-25T00:00:00.000000000,Defective,110.28
207,1439,271,2025-02-06T00:00:00.000000000,Defective,120.08
208,7664,351,2025-08-22T00:00:00.000000000,Wrong Item,175.81
209,666,412,2025-02-02T00:00:00.000000000,Other,139.14
210,8949,330,2025-02-23T00:00:00.000000000,Other,60.81
211,3632,332,2025-07-05T00:00:00.000000000,Defective,79.4
212,2293,16,2025-12-08T00:00:00.000000000,Wrong Item,60.06
213,7342,252,2024-02-20T00:00:00.000000000,Other,95.53
214,8376,17,2025-10-27T00:00:00.000000000,Wrong Item,180.99
215,6232,404,2025-04-04T00:00:00.000000000,Defective,189.91
216,3502,423,2025-02-20T00:00:00.000000000,Defective,49.17
217,1501,275,2024-09-14T00:00:00.000000000,Wrong Item,84.58
218,4161,406,2025-01-15T00:00:00.000000000,Other,69.99
219,4619,13,2024-08-29T00:00:00.000000000,Wrong Item,31.1
220,8394,288,2024-04-02T00:00:00.000000000,Defective,24.0
221,8827,372,2025-10-05T00:00:00.000000000,Other,79.27
222,4468,115,2025-04-26T00:00:00.000000000,Wrong Item,77.7
223,5675,246,2025-04-11T00:00:00.000000000,Wrong Item,184.41
224,5468,225,2025-03-27T00:00:00.000000000,Defective,80.4
225,731,104,2025-05-11T00:00:00.000000000,Wrong Item,107.04
226,9539,153,2025-02-25T00:00:00.000000000,Other,125.75
227,3569,301,2025-01-13T00:00:00.000000000,Defective,9.97
228,3521,323,2025-11-05T00:00:00.000000000,Defective,76.51
229,3053,451,2025-08-14T00:00:00.000000000,Defective,109.47
230,2429,486,2024-12-10T00:00:00.000000000,Other,134.84
231,1508,451,2024-07-19T00:00:00.000000000,Wrong Item,123.51
232,8585,326,2024-10-24T00:00:00.000000000,Defective,140.9
233,498,207,2025-02-17T00:00:00.000000000,Defective,113.39
234,2034,316,2024-08-31T00:00:00.000000000,Defective,95.29
235,1005,166,2024-06-14T00:00:00.000000000,Wrong Item,31.65
236,2465,450,2024-12-19T00:00:00.000000000,Other,194.14
237,5568,215,2024-01-10T00:00:00.000000000,Defective,65.84
238,3190,263,2025-07-02T00:00:00.000000000,Wrong Item,158.5
239,6826,483,2025-10-08T00:00:00.000000000,Defective,155.92
240,1046,94,2024-05-21T00:00:00.000000000,Other,11.32
241,3181,143,2025-07-22T00:00:00.000000000,Other,199.65
242,8106,410,2025-11-25T00:00:00.000000000,Other,181.31
243,2239,77,2024-03-12T00:00:00.000000000,Defective,5.62
244,8442,214,2024-12-27T00:00:00.000000000,Other,16.17
245,4460,399,2025-08-09T00:00:00.000000000,Other,13.48
246,7846,23,2025-07-12T00:00:00.000000000,Other,29.55
247,2825,344,2024-08-27T00:00:00.000000000,Defective,100.23
248,9133,331,2025-01-25T00:00:00.000000000,Other,37.72
249,2922,274,2024-08-11T00:00:00.000000000,Wrong Item,128.72
250,4569,404,2025-03-21T00:00:00.000000000,Defective,159.68
251,4892,335,2024-01-05T00:00:00.000000000,Other,113.14
252,3433,206,2024-10-22T00:00:00.000000000,Defective,149.16
253,8730,58,2025-03-10T00:00:00.000000000,Defective,17.17
254,5057,271,2025-10-11T00:00:00.000000000,Wrong Item,164.16
255,318,326,2025-02-03T00:00:00.000000000,Wrong Item,141.78
256,757,184,2025-01-08T00:00:00.000000000,Defective,125.02
257,705,139,2025-04-09T00:00:00.000000000,Wrong Item,194.0
258,4292,237,2025-01-03T00:00:00.000000000,Other,30.32
259,9779,431,2025-11-15T00:00:00.000000000,Defective,30.09
260,6797,365,2024-01-25T00:00:00.000000000,Defective,28.16
261,5684,342,2024-04-08T00:00:00.000000000,Wrong Item,144.07
262,5624,108,2025-03-23T00:00:00.000000000,Wrong Item,130.23
263,2040,399,2025-07-28T00:00:00.000000000,Wrong Item,93.9
264,5441,332,2025-02-26T00:00:00.000000000,Wrong Item,170.47
265,6336,213,2025-01-19T00:00:00.000000000,Wrong Item,107.63
266,6863,219,2024-07-06T00:00:00.000000000,Other,170.98
267,6647,35,2025-10-16T00:00:00.000000000,Other,134.45
268,2984,352,2024-10-09T00:00:00.000000000,Other,182.17
269,6292,103,2024-01-20T00:00:00.000000000,Defective,113.51
270,4671,380,2024-12-21T00:00:00.000000000,Wrong Item,166.77
271,2382,165,2025-10-02T00:00:00.000000000,Defective,185.22
272,5325,326,2024-05-24T00:00:00.000000000,Other,124.33
273,7494,116,2024-05-12T00:00:00.000000000,Wrong Item,173.43
274,4075,417,2025-06-30T00:00:00.000000000,Defective,189.03
275,7040,110,2024-09-19T00:00:00.000000000,Other,141.37
276,8777,374,2024-04-16T00:00:00.000000000,Other,161.14
277,2899,161,2025-05-12T00:00:00.000000000,Defective,90.28
278,3126,461,2024-11-29T00:00:00.000000000,Defective,198.2
279,1500,73,2024-02-27T00:00:00.000000000,Defective,180.79
280,1930,261,2025-12-15T00:00:00.000000000,Defective,174.0
281,5553,311,2025-07-08T00:00:00.000000000,Wrong Item,31.8
282,9332,389,2025-04-06T00:00:00.000000000,Other,63.38
283,2882,225,2024-01-01T00:00:00.000000000,Wrong Item,127.78
284,4128,118,2024-03-02T00:00:00.000000000,Defective,155.49
285,2125,261,2025-07-15T00:00:00.000000000,Wrong Item,38.76
286,3954,493,2024-07-08T00:00:00.000000000,Defective,95.47
287,6136,500,2024-12-05T00:00:00.000000000,Defective,54.71
288,1578,212,2024-11-12T00:00:00.000000000,Wrong Item,138.88
289,4047,214,2024-08-14T00:00:00.000000000,Wrong Item,146.08
290,8078,423,2024-05-23T00:00:00.000000000,Other,137.82
291,7133,238,2025-01-21T00:00:00.000000000,Wrong Item,83.81
292,1776,147,2025-07-17T00:00:00.000000000,Other,82.63
293,7773,281,2025-08-13T00:00:00.000000000,Defective,20.5
294,7994,372,2024-12-21T00:00:00.000000000,Other,186.15
295,8893,293,2024-03-01T00:00:00.000000000,Wrong Item,54.68
296,4049,324,2025-11-13T00:00:00.000000000,Other,42.41
297,4767,486,2025-12-08T00:00:00.000000000,Defective,15.65
298,4196,422,2025-02-15T00:00:00.000000000,Defective,87.64
299,4798,44,2024-05-29T00:00:00.000000000,Defective,41.69
300,9568,270,2024-08-17T00:00:00.000000000,Wrong Item,193.73
301,2947,43,2024-10-05T00:00:00.000000000,Defective,65.05
302,4657,333,2025-12-17T00:00:00.000000000,Other,160.69
303,5388,246,2024-04-28T00:00:00.000000000,Wrong Item,109.04
304,5487,219,2025-10-26T00:00:00.000000000,Wrong Item,52.2
305,9226,375,2025-05-02T00:00:00.000000000,Defective,152.04
306,9526,104,2024-03-31T00:00:00.000000000,Wrong Item,49.2
307,8147,460,2024-08-26T00:00:00.000000000,Defective,44.02
308,3921,266,2024-05-20T00:00:00.000000000,Wrong Item,10.56
309,2452,203,2025-05-14T00:00:00.000000000,Wrong Item,192.28
310,4363,335,2024-11-12T00:00:00.000000000,Other,76.45
311,4480,349,2025-11-02T00:00:00.000000000,Defective,56.29
312,6747,463,2024-03-30T00:00:00.000000000,Defective,84.96
313,5802,162,2024-05-25T00:00:00.000000000,Other,68.15
314,8421,246,2024-08-28T00:00:00.000000000,Defective,15.86
315,6761,29,2024-08-23T00:00:00.000000000,Other,18.1
316,4839,226,2025-05-21T00:00:00.000000000,Defective,17.02
317,4314,258,2024-11-04T00:00:00.000000000,Other,192.17
318,7715,220,2025-08-04T00:00:00.000000000,Wrong Item,191.69
319,9808,332,2025-01-10T00:00:00.000000000,Wrong Item,107.59
320,6860,424,2025-08-01T00:00:00.000000000,Other,168.7
321,5189,142,2024-11-08T00:00:00.000000000,Defective,185.87
322,1268,340,2025-04-23T00:00:00.000000000,Defective,141.78
323,9069,449,2025-12-22T00:00:00.000000000,Other,54.78
324,2510,496,2024-10-31T00:00:00.000000000,Other,182.69
325,5881,440,2025-12-05T00:00:00.000000000,Wrong Item,138.35
326,7843,157,2025-02-01T00:00:00.000000000,Other,90.88
327,4414,439,2025-03-19T00:00:00.000000000,Wrong Item,98.11
328,9361,150,2025-10-03T00:00:00.000000000,Wrong Item,146.16
329,2411,354,2025-05-21T00:00:00.000000000,Defective,142.86
330,2912,402,2024-01-06T00:00:00.000000000,Wrong Item,21.12
331,2921,36,2024-12-04T00:00:00.000000000,Defective,37.78
332,3287,304,2025-09-05T00:00:00.000000000,Other,129.89
333,7355,252,2025-03-17T00:00:00.000000000,Wrong Item,197.96
334,7153,161,2025-07-10T00:00:00.000000000,Wrong Item,118.57
335,5521,438,2024-11-17T00:00:00.000000000,Other,175.5
336,5152,492,2024-08-26T00:00:00.000000000,Wrong Item,15.77
337,6812,310,2025-08-04T00:00:00.000000000,Defective,56.04
338,9796,379,2025-11-06T00:00:00.000000000,Other,98.72
339,9050,271,2024-11-10T00:00:00.000000000,Other,7.63
340,9620,98,2025-11-11T00:00:00.000000000,Other,189.56
341,3342,98,2024-05-26T00:00:00.000000000,Other,91.53
342,5564,323,2025-01-10T00:00:00.000000000,Other,144.89
343,6488,409,2025-02-12T00:00:00.000000000,Defective,193.41
344,738,121,2025-05-25T00:00:00.000000000,Other,152.94
345,8366,227,2024-05-16T00:00:00.000000000,Other,60.59
346,7501,184,2025-10-10T00:00:00.000000000,Wrong Item,35.66
347,9832,282,2024-08-29T00:00:00.000000000,Other,137.99
348,8684,334,2024-02-18T00:00:00.000000000,Defective,195.19
349,5014,102,2024-07-25T00:00:00.000000000,Other,99.5
350,890,80,2024-11-04T00:00:00.000000000,Wrong Item,52.03
351,7115,433,2024-09-16T00:00:00.000000000,Wrong Item,155.03
352,5245,104,2025-09-28T00:00:00.000000000,Wrong Item,65.95
353,2776,145,2025-08-15T00:00:00.000000000,Wrong Item,172.97
354,6928,281,2024-03-17T00:00:00.000000000,Other,19.47
355,8442,205,2024-04-01T00:00:00.000000000,Defective,43.28
356,571,290,2024-08-26T00:00:00.000000000,Other,6.28
357,4730,379,2025-02-16T00:00:00.000000000,Wrong Item,195.61
358,3467,52,2024-07-12T00:00:00.000000000,Defective,32.93
359,1095,38,2025-07-05T00:00:00.000000000,Defective,137.13
360,6657,363,2025-05-31T00:00:00.000000000,Defective,5.5
361,5376,13,2024-10-29T00:00:00.000000000,Defective,84.44
362,8825,195,2024-07-03T00:00:00.000000000,Other,195.92
363,7891,225,2025-05-02T00:00:00.000000000,Wrong Item,186.95
364,1224,444,2024-10-27T00:00:00.000000000,Wrong Item,10.45
365,4583,369,2025-11-29T00:00:00.000000000,Wrong Item,128.26
366,597,113,2024-06-03T00:00:00.000000000,Wrong Item,126.1
367,215,493,2024-11-08T00:00:00.000000000,Other,28.19
368,4405,106,2024-07-23T00:00:00.000000000,Defective,82.34
369,1823,494,2025-11-28T00:00:00.000000000,Wrong Item,150.24
370,7087,203,2025-04-03T00:00:00.000000000,Other,138.88
371,9035,144,2025-08-06T00:00:00.000000000,Wrong Item,91.01
372,777,90,2024-06-16T00:00:00.000000000,Wrong Item,90.55
373,8859,458,2025-01-14T00:00:00.000000000,Wrong Item,166.69
374,5007,400,2024-05-25T00:00:00.000000000,Wrong Item,47.88
375,2363,299,2024-09-09T00:00:00.000000000,Wrong Item,82.06
376,7919,383,2025-03-17T00:00:00.000000000,Other,80.85
377,4949,140,2025-02-13T00:00:00.000000000,Wrong Item,37.56
378,2027,301,2025-10-30T00:00:00.000000000,Wrong Item,179.62
379,3945,232,2025-12-27T00:00:00.000000000,Wrong Item,188.88
380,1394,2,2025-05-31T00:00:00.000000000,Wrong Item,172.61
381,7475,3,2024-07-10T00:00:00.000000000,Defective,149.73
382,2433,347,2025-11-22T00:00:00.000000000,Wrong Item,135.64
383,8444,454,2024-12-18T00:00:00.000000000,Defective,7.14
384,240,248,2024-07-09T00:00:00.000000000,Other,71.53
385,5723,460,2025-08-29T00:00:00.000000000,Other,6.48
386,5904,39,2024-05-15T00:00:00.000000000,Wrong Item,121.13
387,6091,455,2025-11-09T00:00:00.000000000,Defective,193.53
388,5456,255,2024-10-23T00:00:00.000000000,Other,61.49
389,1667,308,2024-07-28T00:00:00.000000000,Other,57.75
390,9085,208,2024-01-12T00:00:00.000000000,Other,84.47
391,4783,441,2024-01-10T00:00:00.000000000,Wrong Item,89.4
392,4838,431,2025-06-09T00:00:00.000000000,Other,172.93
393,1985,309,2025-09-19T00:00:00.000000000,Defective,30.95
394,9776,140,2024-11-18T00:00:00.000000000,Other,151.3
395,1002,488,2024-07-06T00:00:00.000000000,Other,177.08
396,5891,271,2025-06-16T00:00:00.000000000,Other,156.95
397,7187,410,2025-07-05T00:00:00.000000000,Wrong Item,162.15
398,236,208,2025-02-17T00:00:00.000000000,Other,45.25
399,5460,7,2025-10-01T00:00:00.000000000,Defective,107.03
400,2162,474,2025-08-15T00:00:00.000000000,Wrong Item,118.77
401,4236,133,2024-11-14T00:00:00.000000000,Wrong Item,47.78
402,8797,238,2024-03-08T00:00:00.000000000,Defective,112.15
403,9004,367,2024-06-16T00:00:00.000000000,Wrong Item,159.06
404,5564,118,2024-11-13T00:00:00.000000000,Defective,17.91
405,7818,280,2024-04-12T00:00:00.000000000,Other,176.07
406,2513,231,2025-11-04T00:00:00.000000000,Wrong Item,91.89
407,8963,225,2024-03-21T00:00:00.000000000,Wrong Item,191.14
408,6673,352,2025-03-16T00:00:00.000000000,Other,178.31
409,6194,256,2025-10-25T00:00:00.000000000,Other,123.23
410,1927,67,2025-01-20T00:00:00.000000000,Wrong Item,188.13
411,4926,158,2024-02-14T00:00:00.000000000,Wrong Item,118.24
412,8357,421,2024-02-13T00:00:00.000000000,Other,138.7
413,629,30,2025-06-12T00:00:00.000000000,Defective,165.65
414,6622,114,2024-01-25T00:00:00.000000000,Defective,21.18
415,5408,281,2025-12-07T00:00:00.000000000,Defective,105.0
416,4553,426,2025-04-28T00:00:00.000000000,Other,36.36
417,3178,171,2025-10-12T00:00:00.000000000,Defective,150.73
418,5018,303,2024-05-05T00:00:00.000000000,Wrong Item,51.91
419,2266,378,2024-08-13T00:00:00.000000000,Other,12.29
420,5757,27,2025-06-04T00:00:00.000000000,Other,19.65
421,4770,490,2024-04-05T00:00:00.000000000,Defective,132.95
422,6802,118,2025-12-04T00:00:00.000000000,Other,124.73
423,2112,235,2024-01-30T00:00:00.000000000,Defective,177.71
424,9897,169,2025-09-23T00:00:00.000000000,Defective,160.17
425,1013,40,2025-02-11T00:00:00.000000000,Defective,128.54
426,3351,462,2024-03-15T00:00:00.000000000,Defective,120.55
427,2263,38,2025-11-25T00:00:00.000000000,Defective,43.9
428,8860,89,2024-10-10T00:00:00.000000000,Other,151.28
429,646,426,2024-03-31T00:00:00.000000000,Other,167.05
430,4131,120,2025-04-10T00:00:00.000000000,Wrong Item,91.87
431,6233,358,2025-11-01T00:00:00.000000000,Other,43.83
432,2018,196,2024-08-27T00:00:00.000000000,Defective,103.3
433,3701,489,2025-08-21T00:00:00.000000000,Other,141.18
434,9595,286,2024-12-10T00:00:00.000000000,Wrong Item,93.39
435,6461,49,2024-05-29T00:00:00.000000000,Defective,81.78
436,4801,74,2025-12-03T00:00:00.000000000,Wrong Item,15.32
437,1955,54,2025-06-08T00:00:00.000000000,Defective,189.59
438,6444,442,2024-04-01T00:00:00.000000000,Wrong Item,117.71
439,7880,179,2025-03-25T00:00:00.000000000,Defective,170.37
440,4024,90,2024-06-02T00:00:00.000000000,Wrong Item,94.66
441,2119,491,2025-04-02T00:00:00.000000000,Defective,144.48
442,5396,383,2024-09-22T00:00:00.000000000,Wrong Item,25.68
443,3817,108,2024-03-20T00:00:00.000000000,Other,121.27
444,3366,197,2025-07-29T00:00:00.000000000,Other,102.3
445,4941,474,2025-01-24T00:00:00.000000000,Other,85.81
446,5444,379,2024-03-05T00:00:00.000000000,Wrong Item,149.11
447,4876,83,2025-09-30T00:00:00.000000000,Wrong Item,152.9
448,7550,260,2024-09-30T00:00:00.000000000,Defective,97.83
449,9820,457,2025-10-09T00:00:00.000000000,Other,35.17
450,2403,377,2025-07-14T00:00:00.000000000,Other,163.65
451,8490,11,2024-03-31T00:00:00.000000000,Defective,28.85
452,4084,423,2024-09-30T00:00:00.000000000,Defective,130.69
453,7039,128,2025-01-06T00:00:00.000000000,Defective,5.14
454,8868,118,2025-01-15T00:00:00.000000000,Defective,34.29
455,2991,329,2025-06-06T00:00:00.000000000,Defective,17.7
456,6853,2,2024-05-20T00:00:00.000000000,Defective,194.9
457,5288,461,2024-03-29T00:00:00.000000000,Other,139.22
458,6102,228,2025-12-15T00:00:00.000000000,Wrong Item,187.47
459,9979,93,2025-07-13T00:00:00.000000000,Wrong Item,45.56
460,7600,209,2025-02-02T00:00:00.000000000,Other,108.41
461,5661,427,2025-04-07T00:00:00.000000000,Wrong Item,64.98
462,4290,51,2025-10-29T00:00:00.000000000,Wrong Item,43.29
463,6660,16,2025-08-02T00:00:00.000000000,Defective,14.56
464,8047,445,2025-02-25T00:00:00.000000000,Other,179.26
465,9395,141,2024-01-21T00:00:00.000000000,Other,130.66
466,9420,368,2024-05-06T00:00:00.000000000,Other,186.67
467,3483,265,2025-10-16T00:00:00.000000000,Wrong Item,169.17
468,1727,466,2025-05-03T00:00:00.000000000,Wrong Item,151.29
469,8302,3,2025-06-05T00:00:00.000000000,Wrong Item,95.45
470,6039,491,2025-08-21T00:00:00.000000000,Defective,5.63
471,6647,431,2024-01-08T00:00:00.000000000,Other,160.03
472,5943,455,2024-11-27T00:00:00.000000000,Other,94.88
473,7906,288,2024-01-10T00:00:00.000000000,Other,73.96
474,4438,129,2024-07-01T00:00:00.000000000,Defective,66.74
475,3813,178,2024-07-06T00:00:00.000000000,Defective,128.13
476,7274,147,2024-07-08T00:00:00.000000000,Wrong Item,161.21
477,296,191,2024-02-12T00:00:00.000000000,Other,187.37
478,2652,345,2025-03-04T00:00:00.000000000,Other,31.27
479,9959,289,2025-01-23T00:00:00.000000000,Defective,58.93
480,5241,181,2024-08-17T00:00:00.000000000,Other,18.53
481,2296,400,2025-08-12T00:00:00.000000000,Defective,72.83
482,1709,433,2024-10-11T00:00:00.000000000,Other,113.56
483,3991,443,2025-08-23T00:00:00.000000000,Defective,138.79
484,5827,419,2024-12-28T00:00:00.000000000,Other,140.02
485,3162,481,2025-11-21T00:00:00.000000000,Other,134.01
486,3291,441,2025-06-05T00:00:00.000000000,Other,198.89
487,3028,446,2025-08-22T00:00:00.000000000,Other,162.33
488,3826,31,2024-12-23T00:00:00.000000000,Other,7.0
489,5434,229,2024-07-11T00:00:00.000000000,Other,130.87
490,2750,351,2024-11-07T00:00:00.000000000,Wrong Item,75.69
491,8410,327,2024-04-15T00:00:00.000000000,Wrong Item,114.35
492,6627,15,2024-09-10T00:00:00.000000000,Other,70.61
493,3200,122,2024-04-12T00:00:00.000000000,Defective,44.73
494,6190,24,2025-02-18T00:00:00.000000000,Wrong Item,164.73
495,6949,414,2025-06-21T00:00:00.000000000,Defective,188.24
496,273,164,2025-02-19T00:00:00.000000000,Defective,120.33
497,3115,490,2024-05-13T00:00:00.000000000,Defective,144.96
498,4063,106,2024-08-01T00:00:00.000000000,Other,29.28
499,194,436,2025-07-23T00:00:00.000000000,Wrong Item,36.23
500,1785,87,2025-10-28T00:00:00.000000000,Defective,156.54
501,2431,192,2024-05-13T00:00:00.000000000,Defective,162.84
502,5441,221,2025-07-19T00:00:00.000000000,Wrong Item,100.38
503,763,375,2025-08-30T00:00:00.000000000,Defective,58.62
504,2526,357,2024-04-25T00:00:00.000000000,Wrong Item,111.81
505,3251,166,2024-09-27T00:00:00.000000000,Wrong Item,103.52
506,4021,469,2024-01-11T00:00:00.000000000,Wrong Item,168.54
507,1056,453,2024-01-07T00:00:00.000000000,Wrong Item,121.55
508,2736,221,2024-08-08T00:00:00.000000000,Defective,88.66
509,4467,53,2024-12-05T00:00:00.000000000,Other,103.9
510,3262,352,2025-09-25T00:00:00.000000000,Defective,89.53
511,120,19,2025-02-07T00:00:00.000000000,Defective,138.89
512,2565,451,2024-07-02T00:00:00.000000000,Defective,56.17
513,6791,3,2024-11-20T00:00:00.000000000,Other,51.62
514,1937,218,2024-03-05T00:00:00.000000000,Other,157.5
515,1197,497,2025-10-30T00:00:00.000000000,Other,157.11
516,8373,204,2025-03-04T00:00:00.000000000,Other,160.43
517,6331,359,2024-12-25T00:00:00.000000000,Defective,184.14
518,1112,102,2025-11-29T00:00:00.000000000,Other,125.44
519,4131,386,2024-10-16T00:00:00.000000000,Defective,124.52
520,664,428,2024-10-12T00:00:00.000000000,Wrong Item,18.2
521,3762,144,2025-05-06T00:00:00.000000000,Defective,43.87
522,99,476,2024-06-28T00:00:00.000000000,Other,138.85
523,8378,141,2025-03-03T00:00:00.000000000,Defective,27.24
524,3847,447,2024-12-17T00:00:00.000000000,Defective,108.19
525,3752,92,2025-02-05T00:00:00.000000000,Wrong Item,26.79
526,19,185,2025-12-18T00:00:00.000000000,Other,74.38
527,9066,320,2025-03-28T00:00:00.000000000,Defective,13.87
528,6181,250,2024-03-22T00:00:00.000000000,Defective,52.23
529,8517,475,2025-04-01T00:00:00.000000000,Wrong Item,98.05
530,9702,16,2024-03-19T00:00:00.000000000,Wrong Item,149.27
531,2958,330,2024-09-25T00:00:00.000000000,Other,129.3
532,1955,51,2024-12-29T00:00:00.000000000,Wrong Item,179.36
533,5567,210,2024-01-29T00:00:00.000000000,Wrong Item,24.36
534,2674,404,2025-11-16T00:00:00.000000000,Wrong Item,163.63
535,1058,234,2025-12-23T00:00:00.000000000,Wrong Item,105.2
536,9373,111,2024-09-27T00:00:00.000000000,Other,11.04
537,7517,52,2025-01-23T00:00:00.000000000,Defective,151.36
538,2665,440,2024-06-12T00:00:00.000000000,Other,20.68
539,3066,186,2025-06-21T00:00:00.000000000,Other,40.86
540,4740,46,2025-04-10T00:00:00.000000000,Defective,144.29
541,6662,69,2025-11-04T00:00:00.000000000,Other,174.38
542,3570,171,2025-05-14T00:00:00.000000000,Defective,149.54
543,4393,61,2025-12-09T00:00:00.000000000,Other,64.19
544,6224,436,2024-07-20T00:00:00.000000000,Other,10.77
545,8400,99,2024-05-22T00:00:00.000000000,Wrong Item,31.11
546,6715,226,2024-04-08T00:00:00.000000000,Defective,69.78
547,5347,338,2025-05-10T00:00:00.000000000,Wrong Item,59.41
548,2314,235,2025-08-04T00:00:00.000000000,Defective,72.0
549,6345,252,2025-07-12T00:00:00.000000000,Defective,169.96
550,3264,51,2024-07-15T00:00:00.000000000,Defective,37.99
551,2388,76,2025-03-06T00:00:00.000000000,Other,103.53
552,5094,325,2024-10-11T00:00:00.000000000,Other,109.71
553,1227,332,2024-01-02T00:00:00.000000000,Defective,35.12
554,209,79,2024-10-03T00:00:00.000000000,Defective,28.34
555,4565,271,2024-05-15T00:00:00.000000000,Wrong Item,77.98
556,9862,485,2025-04-06T00:00:00.000000000,Defective,155.85
557,9772,125,2024-08-23T00:00:00.000000000,Wrong Item,180.71
558,8347,136,2024-01-30T00:00:00.000000000,Wrong Item,163.3
559,9303,491,2025-06-28T00:00:00.000000000,Wrong Item,16.01
560,7499,165,2025-05-31T00:00:00.000000000,Wrong Item,26.77
561,7690,436,2025-04-23T00:00:00.000000000,Other,83.06
562,5016,5,2024-07-07T00:00:00.000000000,Other,86.66
563,7280,59,2025-07-21T00:00:00.000000000,Other,102.3
564,4138,78,2024-09-14T00:00:00.000000000,Other,106.88
565,1952,78,2025-12-27T00:00:00.000000000,Other,107.83
566,8748,10,2024-02-17T00:00:00.000000000,Wrong Item,192.43
567,1842,13,2025-04-19T00:00:00.000000000,Other,126.51
568,7941,129,2024-04-28T00:00:00.000000000,Defective,10.24
569,1925,398,2025-05-17T00:00:00.000000000,Other,27.96
570,3857,150,2024-01-22T00:00:00.000000000,Other,57.48
571,8510,281,2025-11-09T00:00:00.000000000,Wrong Item,58.46
572,9536,303,2024-10-26T00:00:00.000000000,Other,135.18
573,9000,345,2025-07-26T00:00:00.000000000,Other,153.59
574,2293,24,2024-09-26T00:00:00.000000000,Wrong Item,38.88
575,3981,301,2025-08-13T00:00:00.000000000,Wrong Item,12.91
576,6905,112,2025-07-21T00:00:00.000000000,Wrong Item,139.75
577,4487,13,2025-08-16T00:00:00.000000000,Other,67.18
578,4637,317,2024-12-02T00:00:00.000000000,Other,146.8
579,7630,122,2024-12-22T00:00:00.000000000,Other,11.14
580,3370,101,2024-10-27T00:00:00.000000000,Defective,37.88
581,2403,144,2024-01-11T00:00:00.000000000,Wrong Item,20.7
582,7452,115,2025-01-01T00:00:00.000000000,Defective,157.62
583,8993,63,2024-02-12T00:00:00.000000000,Defective,180.19
584,9921,442,2025-11-11T00:00:00.000000000,Defective,58.67
585,8560,151,2025-11-17T00:00:00.000000000,Other,174.72
586,6444,5,2024-01-06T00:00:00.000000000,Defective,18.23
587,6381,450,2024-09-21T00:00:00.000000000,Defective,90.76
588,5231,415,2025-09-01T00:00:00.000000000,Defective,96.36
589,6875,128,2024-01-24T00:00:00.000000000,Defective,52.95
590,8635,407,2025-07-19T00:00:00.000000000,Wrong Item,39.43
591,1015,388,2025-02-27T00:00:00.000000000,Defective,98.11
592,1652,181,2024-07-27T00:00:00.000000000,Other,153.36
593,9955,233,2025-09-29T00:00:00.000000000,Defective,133.15
594,7496,357,2025-05-07T00:00:00.000000000,Defective,54.36
595,7393,235,2024-07-30T00:00:00.000000000,Defective,100.99
596,4648,102,2025-02-03T00:00:00.000000000,Other,56.48
597,3560,282,2025-06-03T00:00:00.000000000,Wrong Item,5.63
598,9762,80,2025-01-05T00:00:00.000000000,Other,158.68
599,4714,297,2024-05-17T00:00:00.000000000,Defective,85.88
600,9329,455,2024-07-19T00:00:00.000000000,Other,121.96
601,959,346,2024-11-20T00:00:00.000000000,Wrong Item,106.04
602,2427,167,2025-01-01T00:00:00.000000000,Other,18.48
603,1733,30,2025-10-31T00:00:00.000000000,Other,54.26
604,1731,130,2024-08-14T00:00:00.000000000,Defective,75.69
605,6474,456,2024-07-09T00:00:00.000000000,Wrong Item,137.92
606,6071,468,2025-06-06T00:00:00.000000000,Defective,165.05
607,2609,420,2025-05-13T00:00:00.000000000,Wrong Item,128.98
608,9183,284,2025-10-07T00:00:00.000000000,Defective,180.09
609,6737,231,2024-02-27T00:00:00.000000000,Other,70.87
610,6789,177,2024-03-12T00:00:00.000000000,Wrong Item,182.62
611,221,79,2024-09-22T00:00:00.000000000,Wrong Item,99.67
612,6919,436,2024-05-22T00:00:00.000000000,Defective,136.65
613,3114,259,2024-05-13T00:00:00.000000000,Other,35.6
614,107,272,2024-10-21T00:00:00.000000000,Defective,132.65
615,8236,185,2024-08-09T00:00:00.000000000,Wrong Item,78.39
616,723,53,2024-01-03T00:00:00.000000000,Defective,119.75
617,697,487,2024-04-11T00:00:00.000000000,Other,142.92
618,8559,321,2025-08-10T00:00:00.000000000,Wrong Item,21.79
619,423,24,2025-03-01T00:00:00.000000000,Defective,154.06
620,716,267,2025-08-16T00:00:00.000000000,Other,61.78
621,1853,197,2024-01-31T00:00:00.000000000,Wrong Item,72.1
622,1366,294,2024-05-11T00:00:00.000000000,Wrong Item,109.62
623,9098,92,2024-05-16T00:00:00.000000000,Defective,169.11
624,9902,473,2025-09-13T00:00:00.000000000,Wrong Item,37.5
625,7306,294,2025-10-08T00:00:00.000000000,Other,64.88
626,4023,296,2025-06-26T00:00:00.000000000,Defective,180.84
627,3903,440,2025-08-22T00:00:00.000000000,Wrong Item,15.87
628,6157,207,2024-03-02T00:00:00.000000000,Defective,18.04
629,6234,166,2025-04-02T00:00:00.000000000,Wrong Item,11.15
630,8519,80,2025-11-10T00:00:00.000000000,Defective,153.81
631,7951,351,2025-08-09T00:00:00.000000000,Defective,47.88
632,4234,229,2024-07-29T00:00:00.000000000,Defective,115.41
633,782,200,2025-09-08T00:00:00.000000000,Defective,109.23
634,2511,462,2024-01-09T00:00:00.000000000,Other,49.97
635,3071,119,2025-05-20T00:00:00.000000000,Wrong Item,6.9
636,8116,382,2025-02-23T00:00:00.000000000,Wrong Item,160.77
637,6222,60,2025-12-07T00:00:00.000000000,Other,136.5
638,8690,39,2024-08-01T00:00:00.000000000,Wrong Item,29.63
639,2614,412,2025-10-12T00:00:00.000000000,Other,42.87
640,9076,137,2025-08-08T00:00:00.000000000,Other,198.6
641,3861,2,2025-12-28T00:00:00.000000000,Defective,81.35
642,5964,366,2024-09-30T00:00:00.000000000,Other,174.5
643,5280,60,2025-03-23T00:00:00.000000000,Other,117.75
644,5673,21,2024-10-30T00:00:00.000000000,Wrong Item,138.52
645,6193,128,2024-08-17T00:00:00.000000000,Defective,90.59
646,6947,249,2024-04-08T00:00:00.000000000,Other,91.76
647,758,102,2025-08-29T00:00:00.000000000,Defective,96.32
648,9394,330,2024-06-14T00:00:00.000000000,Wrong Item,133.35
649,6782,450,2025-09-11T00:00:00.000000000,Wrong Item,48.79
650,971,282,2025-06-11T00:00:00.000000000,Wrong Item,197.86
651,4250,409,2025-06-30T00:00:00.000000000,Defective,191.78
652,7117,70,2025-07-10T00:00:00.000000000,Wrong Item,65.55
653,7153,94,2024-04-01T00:00:00.000000000,Defective,80.22
654,9926,375,2025-09-29T00:00:00.000000000,Defective,145.78
655,4489,375,2025-04-21T00:00:00.000000000,Wrong Item,136.96
656,8627,200,2024-08-21T00:00:00.000000000,Other,131.24
657,9249,6,2024-02-12T00:00:00.000000000,Wrong Item,127.38
658,3921,205,2025-01-12T00:00:00.000000000,Defective,9.42
659,577,86,2024-03-03T00:00:00.000000000,Wrong Item,195.3
660,6634,240,2025-11-25T00:00:00.000000000,Defective,134.57
661,2980,193,2025-08-12T00:00:00.000000000,Defective,56.84
662,4300,231,2025-10-15T00:00:00.000000000,Wrong Item,199.65
663,7636,453,2025-04-21T00:00:00.000000000,Other,184.94
664,2610,329,2025-02-18T00:00:00.000000000,Defective,167.09
665,2249,166,2024-10-09T00:00:00.000000000,Other,17.22
666,380,37,2025-01-20T00:00:00.000000000,Other,99.08
667,2769,292,2024-12-10T00:00:00.000000000,Defective,167.45
668,5058,422,2024-08-25T00:00:00.000000000,Other,175.11
669,1374,218,2024-06-30T00:00:00.000000000,Defective,30.22
670,4111,50,2024-04-24T00:00:00.000000000,Wrong Item,94.03
671,5870,473,2024-11-29T00:00:00.000000000,Other,13.23
672,1559,454,2024-06-07T00:00:00.000000000,Wrong Item,36.67
673,7937,237,2025-01-25T00:00:00.000000000,Other,119.06
674,168,170,2025-12-15T00:00:00.000000000,Other,118.68
675,3782,419,2024-05-27T00:00:00.000000000,Wrong Item,127.63
676,8266,472,2024-08-20T00:00:00.000000000,Wrong Item,175.33
677,750,205,2025-02-09T00:00:00.000000000,Wrong Item,154.87
678,1976,261,2025-07-24T00:00:00.000000000,Other,102.63
679,7334,125,2024-10-04T00:00:00.000000000,Defective,16.16
680,3217,426,2025-05-24T00:00:00.000000000,Defective,133.43
681,6399,480,2025-05-29T00:00:00.000000000,Wrong Item,127.76
682,3369,152,2024-09-03T00:00:00.000000000,Wrong Item,28.99
683,1210,497,2025-12-02T00:00:00.000000000,Wrong Item,141.04
684,69,218,2024-05-25T00:00:00.000000000,Defective,54.28
685,9622,34,2024-09-23T00:00:00.000000000,Defective,122.53
686,1381,49,2025-04-18T00:00:00.000000000,Other,143.24
687,8495,287,2025-12-31T00:00:00.000000000,Defective,102.62
688,3129,230,2025-10-20T00:00:00.000000000,Wrong Item,52.27
689,4633,368,2024-07-13T00:00:00.000000000,Defective,132.65
690,3001,143,2024-03-30T00:00:00.000000000,Wrong Item,146.22
691,1421,500,2024-01-23T00:00:00.000000000,Defective,17.19
692,4959,234,2024-12-25T00:00:00.000000000,Other,180.4
693,8822,170,2025-12-01T00:00:00.000000000,Defective,47.66
694,1472,188,2024-02-25T00:00:00.000000000,Defective,38.58
695,8554,493,2024-10-20T00:00:00.000000000,Defective,88.38
696,6755,400,2024-12-28T00:00:00.000000000,Defective,16.23
697,2195,432,2025-03-27T00:00:00.000000000,Wrong Item,21.0
698,4134,387,2024-03-12T00:00:00.000000000,Wrong Item,147.82
699,2577,333,2024-10-24T00:00:00.000000000,Other,159.74
700,9008,36,2025-05-05T00:00:00.000000000,Defective,187.73
701,193,243,2025-11-10T00:00:00.000000000,Other,178.59
702,2792,311,2024-08-20T00:00:00.000000000,Other,142.47
703,6413,273,2024-02-12T00:00:00.000000000,Other,62.89
704,8307,167,2024-09-18T00:00:00.000000000,Defective,139.58
705,7136,313,2025-11-09T00:00:00.000000000,Other,83.97
706,9284,462,2024-03-17T00:00:00.000000000,Other,92.53
707,6610,429,2025-02-05T00:00:00.000000000,Defective,35.24
708,7295,485,2025-09-06T00:00:00.000000000,Other,78.74
709,8624,349,2025-01-30T00:00:00.000000000,Wrong Item,81.18
710,4534,422,2024-06-25T00:00:00.000000000,Wrong Item,76.05
711,3581,339,2024-10-30T00:00:00.000000000,Wrong Item,157.23
712,1786,402,2024-08-25T00:00:00.000000000,Defective,21.3
713,1401,224,2024-03-13T00:00:00.000000000,Wrong Item,189.15
714,6672,167,2025-01-31T00:00:00.000000000,Defective,24.75
715,2515,412,2024-10-19T00:00:00.000000000,Wrong Item,27.41
716,9671,420,2025-09-24T00:00:00.000000000,Other,197.19
717,7759,214,2025-10-14T00:00:00.000000000,Defective,13.74
718,4741,257,2024-09-28T00:00:00.000000000,Other,62.55
719,7281,349,2024-06-11T00:00:00.000000000,Defective,85.96
720,1876,255,2025-02-01T00:00:00.000000000,Defective,61.06
721,9179,492,2025-07-01T00:00:00.000000000,Other,151.68
722,2390,355,2025-06-18T00:00:00.000000000,Wrong Item,174.57
723,8005,457,2024-05-28T00:00:00.000000000,Defective,135.37
724,2734,420,2024-05-14T00:00:00.000000000,Other,182.58
725,5235,455,2024-09-04T00:00:00.000000000,Other,163.45
726,2643,451,2024-09-17T00:00:00.000000000,Defective,18.28
727,9301,59,2025-05-22T00:00:00.000000000,Defective,27.63
728,4642,255,2024-04-22T00:00:00.000000000,Wrong Item,190.58
729,9035,332,2025-09-06T00:00:00.000000000,Defective,160.94
730,8473,222,2025-03-26T00:00:00.000000000,Other,131.89
731,7032,287,2025-06-28T00:00:00.000000000,Wrong Item,169.74
732,6025,491,2024-04-03T00:00:00.000000000,Wrong Item,132.15
733,9491,199,2024-06-03T00:00:00.000000000,Wrong Item,90.36
734,6146,429,2025-03-22T00:00:00.000000000,Defective,79.14
735,8336,41,2025-05-18T00:00:00.000000000,Defective,152.54
736,8871,265,2025-12-13T00:00:00.000000000,Defective,11.73
737,8771,6,2024-07-21T00:00:00.000000000,Wrong Item,26.1
738,6628,329,2025-03-25T00:00:00.000000000,Defective,16.81
739,2253,398,2024-07-12T00:00:00.000000000,Wrong Item,178.65
740,671,146,2025-11-29T00:00:00.000000000,Defective,67.59
741,1857,303,2025-07-24T00:00:00.000000000,Wrong Item,70.29
742,2233,141,2025-09-30T00:00:00.000000000,Wrong Item,40.15
743,9262,54,2025-09-01T00:00:00.000000000,Defective,152.36
744,7637,327,2025-03-29T00:00:00.000000000,Other,180.44
745,3350,292,2025-03-24T00:00:00.000000000,Wrong Item,197.96
746,8173,277,2024-03-22T00:00:00.000000000,Wrong Item,152.73
747,1977,33,2024-03-07T00:00:00.000000000,Wrong Item,117.52
748,8514,483,2025-09-11T00:00:00.000000000,Wrong Item,100.43
749,2041,435,2024-09-24T00:00:00.000000000,Wrong Item,177.12
750,7122,296,2024-02-19T00:00:00.000000000,Other,57.7
751,715,113,2025-05-13T00:00:00.000000000,Wrong Item,177.72
752,976,199,2025-05-15T00:00:00.000000000,Other,86.9
753,1194,194,2024-11-04T00:00:00.000000000,Other,94.09
754,2492,452,2024-04-08T00:00:00.000000000,Wrong Item,160.21
755,8993,276,2024-10-05T00:00:00.000000000,Defective,34.07
756,1057,20,2025-07-23T00:00:00.000000000,Defective,57.71
757,2212,303,2024-10-18T00:00:00.000000000,Defective,151.95
758,1733,442,2024-07-09T00:00:00.000000000,Wrong Item,54.17
759,9056,493,2025-06-17T00:00:00.000000000,Other,64.23
760,337,187,2025-12-22T00:00:00.000000000,Defective,7.6
761,6521,474,2025-08-03T00:00:00.000000000,Defective,118.53
762,1450,135,2024-07-27T00:00:00.000000000,Defective,57.79
763,8463,85,2024-07-11T00:00:00.000000000,Other,133.11
764,5994,46,2024-12-10T00:00:00.000000000,Other,7.34
765,1519,282,2024-01-17T00:00:00.000000000,Defective,196.21
766,8847,37,2024-04-28T00:00:00.000000000,Defective,74.51
767,4658,483,2024-10-22T00:00:00.000000000,Wrong Item,95.19
768,5175,308,2024-11-03T00:00:00.000000000,Defective,159.29
769,5143,240,2025-07-22T00:00:00.000000000,Other,77.01
770,4625,170,2024-09-14T00:00:00.000000000,Other,148.96
771,1463,160,2024-05-17T00:00:00.000000000,Other,69.31
772,7183,164,2025-01-09T00:00:00.000000000,Wrong Item,148.23
773,404,140,2025-02-17T00:00:00.000000000,Other,151.57
774,7858,294,2025-08-26T00:00:00.000000000,Wrong Item,152.95
775,7634,343,2025-08-28T00:00:00.000000000,Defective,25.77
776,9612,342,2024-12-24T00:00:00.000000000,Other,138.88
777,9638,482,2025-09-27T00:00:00.000000000,Wrong Item,81.5
778,9416,287,2024-10-29T00:00:00.000000000,Wrong Item,133.33
779,9853,476,2025-04-24T00:00:00.000000000,Other,125.97
780,8464,251,2025-02-03T00:00:00.000000000,Defective,187.17
781,1440,438,2024-06-11T00:00:00.000000000,Other,185.51
782,6006,48,2025-09-29T00:00:00.000000000,Other,154.01
783,4503,199,2024-02-16T00:00:00.000000000,Wrong Item,15.73
784,1171,371,2025-06-20T00:00:00.000000000,Wrong Item,82.61
785,1196,365,2025-10-04T00:00:00.000000000,Other,51.99
786,3412,12,2024-08-09T00:00:00.000000000,Other,84.28
787,730,228,2024-09-26T00:00:00.000000000,Other,61.25
788,5684,39,2024-09-10T00:00:00.000000000,Other,145.56
789,9718,204,2025-01-30T00:00:00.000000000,Defective,199.55
790,210,340,2024-09-10T00:00:00.000000000,Defective,30.2
791,188,411,2025-03-05T00:00:00.000000000,Defective,15.94
792,1554,197,2025-01-12T00:00:00.000000000,Defective,104.16
793,3293,445,2025-08-26T00:00:00.000000000,Defective,156.37
794,4669,388,2025-09-23T00:00:00.000000000,Wrong Item,181.5
795,9514,86,2025-07-16T00:00:00.000000000,Other,50.69
796,2752,326,2025-05-06T00:00:00.000000000,Defective,31.98
797,8586,362,2024-06-14T00:00:00.000000000,Other,79.47
798,764,224,2024-03-17T00:00:00.000000000,Wrong Item,11.62
799,3674,126,2025-08-10T00:00:00.000000000,Defective,144.59
800,5018,221,2024-01-09T00:00:00.000000000,Defective,124.08
801,6366,490,2025-12-25T00:00:00.000000000,Other,35.57
802,3384,36,2025-04-11T00:00:00.000000000,Defective,49.69
803,5693,87,2025-04-15T00:00:00.000000000,Other,15.96
804,1856,331,2025-01-23T00:00:00.000000000,Wrong Item,40.62
805,5524,148,2024-07-19T00:00:00.000000000,Wrong Item,23.37
806,3246,482,2024-01-24T00:00:00.000000000,Defective,120.23
807,8384,427,2025-01-13T00:00:00.000000000,Wrong Item,96.68
808,9867,455,2024-11-14T00:00:00.000000000,Wrong Item,82.45
809,1129,27,2025-10-24T00:00:00.000000000,Wrong Item,151.9
810,7217,366,2024-02-16T00:00:00.000000000,Defective,99.73
811,9862,365,2024-12-07T00:00:00.000000000,Wrong Item,81.17
812,3593,377,2025-05-06T00:00:00.000000000,Defective,46.76
813,4988,307,2025-06-17T00:00:00.000000000,Defective,124.87
814,6896,445,2025-12-22T00:00:00.000000000,Wrong Item,167.68
815,8654,210,2025-10-11T00:00:00.000000000,Other,104.89
816,1541,164,2025-02-27T00:00:00.000000000,Wrong Item,140.94
817,5521,497,2025-11-01T00:00:00.000000000,Defective,154.33
818,801,468,2025-12-30T00:00:00.000000000,Other,101.82
819,2573,83,2024-12-26T00:00:00.000000000,Defective,87.35
820,3739,241,2024-08-11T00:00:00.000000000,Wrong Item,17.69
821,6483,123,2025-01-02T00:00:00.000000000,Wrong Item,10.37
822,1086,353,2025-04-03T00:00:00.000000000,Wrong Item,149.88
823,2139,443,2024-07-05T00:00:00.000000000,Defective,80.64
824,8807,13,2024-02-05T00:00:00.000000000,Other,116.0
825,2753,295,2025-12-01T00:00:00.000000000,Wrong Item,115.65
826,4836,492,2024-06-01T00:00:00.000000000,Wrong Item,160.19
827,6988,337,2024-03-08T00:00:00.000000000,Wrong Item,83.31
828,6465,104,2024-02-16T00:00:00.000000000,Defective,97.35
829,9440,232,2024-10-21T00:00:00.000000000,Other,67.54
830,574,171,2025-09-07T00:00:00.000000000,Wrong Item,8.44
831,230,438,2025-01-19T00:00:00.000000000,Other,180.61
832,2078,380,2024-04-12T00:00:00.000000000,Defective,120.43
833,1494,160,2024-12-04T00:00:00.000000000,Defective,167.15
834,2935,208,2025-10-30T00:00:00.000000000,Other,106.84
835,5550,17,2024-02-04T00:00:00.000000000,Other,50.46
836,3881,101,2024-08-03T00:00:00.000000000,Wrong Item,118.14
837,2525,191,2024-01-27T00:00:00.000000000,Wrong Item,73.21
838,1418,71,2024-10-29T00:00:00.000000000,Other,127.38
839,5109,76,2024-11-27T00:00:00.000000000,Wrong Item,30.38
840,7140,344,2024-11-04T00:00:00.000000000,Other,52.12
841,744,327,2024-06-20T00:00:00.000000000,Defective,110.35
842,1865,171,2024-06-18T00:00:00.000000000,Wrong Item,37.82
843,1903,399,2025-07-28T00:00:00.000000000,Other,114.66
844,7503,262,2024-06-23T00:00:00.000000000,Defective,80.15
845,9097,315,2025-06-11T00:00:00.000000000,Defective,55.6
846,4995,190,2025-02-14T00:00:00.000000000,Defective,178.09
847,6289,53,2024-01-04T00:00:00.000000000,Defective,197.39
848,2123,79,2024-12-09T00:00:00.000000000,Wrong Item,106.79
849,9606,329,2025-05-23T00:00:00.000000000,Wrong Item,25.46
850,3076,219,2025-01-29T00:00:00.000000000,Defective,7.72
851,8402,381,2025-07-23T00:00:00.000000000,Wrong Item,148.05
852,5152,145,2025-07-17T00:00:00.000000000,Wrong Item,195.13
853,9195,138,2025-08-14T00:00:00.000000000,Defective,32.72
854,7984,277,2025-04-13T00:00:00.000000000,Defective,153.03
855,8029,38,2024-11-27T00:00:00.000000000,Defective,109.03
856,9028,454,2024-11-15T00:00:00.000000000,Wrong Item,51.17
857,4915,495,2025-03-02T00:00:00.000000000,Wrong Item,197.58
858,9335,442,2025-02-26T00:00:00.000000000,Defective,152.88
859,9607,337,2025-06-30T00:00:00.000000000,Defective,123.24
860,6847,413,2025-05-09T00:00:00.000000000,Defective,99.35
861,8085,152,2025-12-25T00:00:00.000000000,Wrong Item,133.3
862,1839,186,2025-06-08T00:00:00.000000000,Defective,149.29
863,1436,125,2024-07-16T00:00:00.000000000,Wrong Item,159.64
864,519,423,2025-12-01T00:00:00.000000000,Wrong Item,22.72
865,3267,280,2024-08-08T00:00:00.000000000,Defective,187.85
866,7921,89,2024-04-30T00:00:00.000000000,Defective,93.45
867,8018,131,2024-01-22T00:00:00.000000000,Other,141.99
868,3340,256,2024-04-12T00:00:00.000000000,Wrong Item,158.89
869,8348,272,2025-02-12T00:00:00.000000000,Other,66.83
870,8424,385,2024-07-16T00:00:00.000000000,Wrong Item,85.4
871,9743,223,2025-06-24T00:00:00.000000000,Defective,6.72
872,8742,68,2024-04-04T00:00:00.000000000,Wrong Item,97.79
873,1004,300,2024-03-09T00:00:00.000000000,Other,122.11
874,2965,296,2025-03-10T00:00:00.000000000,Wrong Item,192.42
875,1592,448,2024-07-10T00:00:00.000000000,Defective,131.79
876,375,242,2024-03-17T00:00:00.000000000,Defective,26.77
877,5161,413,2024-11-09T00:00:00.000000000,Defective,123.34
878,6718,240,2025-03-07T00:00:00.000000000,Defective,66.42
879,9607,229,2025-12-29T00:00:00.000000000,Defective,112.77
880,7792,314,2025-04-30T00:00:00.000000000,Wrong Item,75.9
881,4086,61,2025-08-30T00:00:00.000000000,Other,30.28
882,8409,271,2025-08-07T00:00:00.000000000,Defective,47.18
883,7561,41,2025-06-25T00:00:00.000000000,Wrong Item,132.95
884,4290,494,2025-01-12T00:00:00.000000000,Defective,83.72
885,5415,449,2024-11-16T00:00:00.000000000,Wrong Item,192.47
886,555,3,2024-02-25T00:00:00.000000000,Wrong Item,113.97
887,1974,199,2025-11-27T00:00:00.000000000,Other,171.51
888,5364,37,2024-02-07T00:00:00.000000000,Wrong Item,75.06
889,2034,87,2025-03-27T00:00:00.000000000,Wrong Item,132.66
890,9887,421,2024-07-11T00:00:00.000000000,Other,126.03
891,1109,307,2024-09-07T00:00:00.000000000,Defective,41.42
892,5380,405,2024-12-15T00:00:00.000000000,Defective,173.8
893,4013,8,2024-10-14T00:00:00.000000000,Defective,39.57
894,5207,68,2025-11-05T00:00:00.000000000,Other,124.44
895,8457,294,2024-06-26T00:00:00.000000000,Other,56.25
896,4806,142,2024-10-15T00:00:00.000000000,Other,87.1
897,7994,174,2024-03-02T00:00:00.000000000,Defective,180.56
898,3590,279,2025-10-13T00:00:00.000000000,Other,191.54
899,908,229,2024-04-08T00:00:00.000000000,Other,189.84
900,591,304,2024-03-31T00:00:00.000000000,Other,120.24
901,4641,186,2024-11-21T00:00:00.000000000,Other,77.51
902,96,216,2025-07-24T00:00:00.000000000,Other,74.37
903,8372,243,2025-10-03T00:00:00.000000000,Other,23.94
904,8409,209,2025-12-18T00:00:00.000000000,Wrong Item,35.85
905,874,385,2024-02-27T00:00:00.000000000,Defective,105.84
906,2181,89,2024-07-05T00:00:00.000000000,Defective,114.11
907,1197,207,2024-03-22T00:00:00.000000000,Wrong Item,114.65
908,9287,259,2025-01-28T00:00:00.000000000,Wrong Item,21.46
909,6825,193,2024-10-01T00:00:00.000000000,Defective,43.84
910,7035,328,2024-03-12T00:00:00.000000000,Defective,124.79
911,7095,191,2024-11-12T00:00:00.000000000,Wrong Item,70.23
912,4351,188,2024-06-12T00:00:00.000000000,Wrong Item,181.55
913,493,81,2025-10-24T00:00:00.000000000,Wrong Item,37.83
914,259,388,2025-11-11T00:00:00.000000000,Wrong Item,65.01
915,8362,12,2025-09-14T00:00:00.000000000,Wrong Item,93.78
916,1377,442,2025-12-06T00:00:00.000000000,Other,47.13
917,656,221,2024-07-20T00:00:00.000000000,Defective,12.39
918,6953,28,2025-08-25T00:00:00.000000000,Defective,67.4
919,1666,458,2025-08-29T00:00:00.000000000,Defective,67.13
920,1326,269,2025-11-26T00:00:00.000000000,Defective,148.61
921,7674,141,2024-01-22T00:00:00.000000000,Defective,145.95
922,7105,122,2024-01-27T00:00:00.000000000,Defective,24.45
923,3160,42,2025-01-16T00:00:00.000000000,Other,125.01
924,1069,333,2024-03-14T00:00:00.000000000,Other,153.26
925,9423,144,2024-08-06T00:00:00.000000000,Other,82.0
926,7585,305,2025-03-15T00:00:00.000000000,Other,174.02
927,9024,348,2025-05-18T00:00:00.000000000,Wrong Item,41.87
928,2578,93,2025-02-25T00:00:00.000000000,Defective,20.24
929,7428,432,2025-06-03T00:00:00.000000000,Wrong Item,15.08
930,7193,334,2024-10-07T00:00:00.000000000,Other,36.27
931,4546,490,2025-01-23T00:00:00.000000000,Other,10.24
932,1607,29,2024-06-01T00:00:00.000000000,Defective,36.15
933,8038,107,2024-06-29T00:00:00.000000000,Defective,47.31
934,1791,482,2024-01-21T00:00:00.000000000,Defective,142.01
935,6234,176,2025-03-24T00:00:00.000000000,Defective,146.01
936,3875,74,2024-07-13T00:00:00.000000000,Defective,150.08
937,394,500,2024-02-07T00:00:00.000000000,Defective,72.64
938,4051,359,2024-01-25T00:00:00.000000000,Wrong Item,141.72
939,1588,442,2024-07-23T00:00:00.000000000,Other,101.82
940,7255,259,2024-05-08T00:00:00.000000000,Wrong Item,69.05
941,8658,380,2025-06-14T00:00:00.000000000,Defective,136.77
942,6190,497,2024-07-01T00:00:00.000000000,Wrong Item,134.78
943,2651,483,2025-11-25T00:00:00.000000000,Wrong Item,166.82
944,2251,478,2024-10-10T00:00:00.000000000,Defective,125.95
945,3377,211,2024-11-09T00:00:00.000000000,Wrong Item,163.02
946,2609,279,2024-10-04T00:00:00.000000000,Defective,167.3
947,1052,223,2024-01-12T00:00:00.000000000,Other,78.68
948,9261,246,2024-10-07T00:00:00.000000000,Wrong Item,30.93
949,332,144,2024-02-28T00:00:00.000000000,Wrong Item,197.93
950,8933,449,2024-11-13T00:00:00.000000000,Defective,141.06
951,3727,476,2025-04-02T00:00:00.000000000,Wrong Item,173.33
952,2816,409,2024-08-02T00:00:00.000000000,Other,99.37
953,2971,77,2024-01-15T00:00:00.000000000,Other,95.1
954,894,167,2025-07-28T00:00:00.000000000,Wrong Item,133.46
955,1297,342,2025-04-12T00:00:00.000000000,Wrong Item,139.52
956,3707,305,2025-04-25T00:00:00.000000000,Other,65.31
957,4215,38,2024-09-30T00:00:00.000000000,Other,142.2
958,7954,22,2024-04-15T00:00:00.000000000,Defective,133.56
959,1932,21,2025-08-11T00:00:00.000000000,Other,24.13
960,8888,371,2024-12-31T00:00:00.000000000,Wrong Item,185.67
961,7319,31,2025-11-21T00:00:00.000000000,Wrong Item,57.68
962,2018,74,2025-12-06T00:00:00.000000000,Other,152.1
963,4150,381,2024-09-20T00:00:00.000000000,Defective,139.0
964,8535,171,2025-10-18T00:00:00.000000000,Defective,108.72
965,198,127,2025-12-03T00:00:00.000000000,Wrong Item,174.74
966,9915,422,2025-10-02T00:00:00.000000000,Wrong Item,121.99
967,9028,149,2025-06-04T00:00:00.000000000,Other,151.74
968,1945,499,2025-01-18T00:00:00.000000000,Defective,129.03
969,4735,224,2024-10-18T00:00:00.000000000,Other,16.02
970,5517,448,2024-02-22T00:00:00.000000000,Wrong Item,92.83
971,2791,347,2024-06-01T00:00:00.000000000,Defective,115.17
972,8013,275,2024-01-27T00:00:00.000000000,Defective,159.07
973,6029,247,2025-11-12T00:00:00.000000000,Other,105.37
974,7169,359,2025-04-15T00:00:00.000000000,Wrong Item,87.47
975,4244,475,2025-04-08T00:00:00.000000000,Defective,154.16
976,9074,45,2025-02-15T00:00:00.000000000,Other,9.64
977,7193,43,2024-09-10T00:00:00.000000000,Defective,69.78
978,9165,214,2024-01-11T00:00:00.000000000,Defective,188.84
979,9630,307,2025-05-06T00:00:00.000000000,Defective,21.36
980,1278,225,2024-10-25T00:00:00.000000000,Defective,180.32
981,9155,433,2025-10-15T00:00:00.000000000,Wrong Item,27.74
982,9525,199,2025-06-20T00:00:00.000000000,Wrong Item,55.81
983,8311,38,2024-02-16T00:00:00.000000000,Defective,69.99
984,5656,36,2024-12-05T00:00:00.000000000,Other,128.57
985,9847,349,2024-11-09T00:00:00.000000000,Other,148.02
986,296,295,2024-01-23T00:00:00.000000000,Wrong Item,121.06
987,543,260,2025-05-02T00:00:00.000000000,Wrong Item,141.84
988,9858,26,2025-08-05T00:00:00.000000000,Wrong Item,149.17
989,7358,222,2024-05-17T00:00:00.000000000,Wrong Item,156.51
990,5911,251,2024-08-10T00:00:00.000000000,Other,101.3
991,5717,207,2025-11-06T00:00:00.000000000,Wrong Item,73.35
992,146,69,2024-04-19T00:00:00.000000000,Other,169.61
993,7392,283,2025-04-15T00:00:00.000000000,Defective,17.16
994,9151,467,2025-05-07T00:00:00.000000000,Other,116.5
995,9924,70,2024-01-15T00:00:00.000000000,Wrong Item,97.8
996,723,337,2025-06-12T00:00:00.000000000,Defective,101.4
997,3693,172,2024-02-08T00:00:00.000000000,Other,154.67
998,3804,483,2025-06-10T00:00:00.000000000,Other,18.58
999,1177,198,2024-02-21T00:00:00.000000000,Defective,191.57
1000,7833,181,2025-11-19T00:00:00.000000000,Other,122.6
